candidate_id,chunk_id,document_id,page_number,evidence_relationship
CAND_AA64653A6632,CHK_A459571ED9D7,DOC_448A3EF9F119,1,EXTRACTED_FROM
CAND_EA06C1FB54B0,CHK_A459571ED9D7,DOC_448A3EF9F119,1,EXTRACTED_FROM
CAND_AAB86A183670,CHK_A459571ED9D7,DOC_448A3EF9F119,1,EXTRACTED_FROM
CAND_D5636457721A,CHK_2D3B4017A223,DOC_448A3EF9F119,1,EXTRACTED_FROM
CAND_E8DB0371DB97,CHK_2D3B4017A223,DOC_448A3EF9F119,1,EXTRACTED_FROM
CAND_CF886808384C,CHK_A0683D4E2B99,DOC_448A3EF9F119,1,EXTRACTED_FROM
CAND_B63D2BA1714A,CHK_FA4EE0CC4AD0,DOC_448A3EF9F119,2,EXTRACTED_FROM
CAND_336DA0EE42A0,CHK_FA4EE0CC4AD0,DOC_448A3EF9F119,2,EXTRACTED_FROM
CAND_C37CA0B1102E,CHK_FA4EE0CC4AD0,DOC_448A3EF9F119,2,EXTRACTED_FROM
CAND_221DA8AD9BD2,CHK_1D80558CC4E0,DOC_448A3EF9F119,2,EXTRACTED_FROM
CAND_4719E21835AD,CHK_1D80558CC4E0,DOC_448A3EF9F119,2,EXTRACTED_FROM
CAND_20037B285FBE,CHK_3087FAF53FC3,DOC_448A3EF9F119,3,EXTRACTED_FROM
CAND_BDAFAA42E6CC,CHK_3087FAF53FC3,DOC_448A3EF9F119,3,EXTRACTED_FROM
CAND_969EB30A8F40,CHK_3087FAF53FC3,DOC_448A3EF9F119,3,EXTRACTED_FROM
CAND_18E5F149653C,CHK_BE209D6EED21,DOC_448A3EF9F119,3,EXTRACTED_FROM
CAND_F44D41876E85,CHK_BE209D6EED21,DOC_448A3EF9F119,3,EXTRACTED_FROM
CAND_86B9EEAC80E9,CHK_A6C1041C7B26,DOC_448A3EF9F119,4,EXTRACTED_FROM
CAND_B6E0FD25A67B,CHK_A6C1041C7B26,DOC_448A3EF9F119,4,EXTRACTED_FROM
CAND_944A89471AAD,CHK_A6C1041C7B26,DOC_448A3EF9F119,4,EXTRACTED_FROM
CAND_CF8C283CBF98,CHK_790965F5BB58,DOC_448A3EF9F119,4,EXTRACTED_FROM
CAND_11320D5C734E,CHK_790965F5BB58,DOC_448A3EF9F119,4,EXTRACTED_FROM
CAND_BB287279C92A,CHK_B3A5131AD2B4,DOC_448A3EF9F119,5,EXTRACTED_FROM
CAND_34D1C3E41113,CHK_B3A5131AD2B4,DOC_448A3EF9F119,5,EXTRACTED_FROM
CAND_2710A59060FA,CHK_B3A5131AD2B4,DOC_448A3EF9F119,5,EXTRACTED_FROM
CAND_96784839E7DB,CHK_B3A5131AD2B4,DOC_448A3EF9F119,5,EXTRACTED_FROM
CAND_FB071405F16F,CHK_27C64ACE78FB,DOC_448A3EF9F119,5,EXTRACTED_FROM
CAND_F1C27CCBDA38,CHK_27C64ACE78FB,DOC_448A3EF9F119,5,EXTRACTED_FROM
CAND_4EA7BB1E0004,CHK_7CCBF9846C90,DOC_448A3EF9F119,6,EXTRACTED_FROM
CAND_48C52B3075A3,CHK_7CCBF9846C90,DOC_448A3EF9F119,6,EXTRACTED_FROM
CAND_4020E7FCD9E9,CHK_7CCBF9846C90,DOC_448A3EF9F119,6,EXTRACTED_FROM
CAND_27D16A4D4C67,CHK_7CCBF9846C90,DOC_448A3EF9F119,6,EXTRACTED_FROM
CAND_5AD7AD8B8F5C,CHK_1AAC5925C9C9,DOC_448A3EF9F119,6,EXTRACTED_FROM
CAND_EDDAE24FAEF3,CHK_1C0ABB7B4B7A,DOC_448A3EF9F119,7,EXTRACTED_FROM
CAND_230788777A44,CHK_1C0ABB7B4B7A,DOC_448A3EF9F119,7,EXTRACTED_FROM
CAND_9E844ADDDDE1,CHK_1C0ABB7B4B7A,DOC_448A3EF9F119,7,EXTRACTED_FROM
CAND_9302C5717594,CHK_1C0ABB7B4B7A,DOC_448A3EF9F119,7,EXTRACTED_FROM
CAND_63EEBF6DB57F,CHK_1C0ABB7B4B7A,DOC_448A3EF9F119,7,EXTRACTED_FROM
CAND_BB51DF853CEC,CHK_22E2646CA19D,DOC_448A3EF9F119,7,EXTRACTED_FROM
CAND_EC2AD3BE9754,CHK_22E2646CA19D,DOC_448A3EF9F119,7,EXTRACTED_FROM
CAND_070008D3DE46,CHK_22E2646CA19D,DOC_448A3EF9F119,7,EXTRACTED_FROM
CAND_303D97CC7376,CHK_22E2646CA19D,DOC_448A3EF9F119,7,EXTRACTED_FROM
CAND_DAEBA247E344,CHK_22E2646CA19D,DOC_448A3EF9F119,7,EXTRACTED_FROM
CAND_A1D152604920,CHK_22E2646CA19D,DOC_448A3EF9F119,7,EXTRACTED_FROM
CAND_ADA6DDE8D66E,CHK_22E2646CA19D,DOC_448A3EF9F119,7,EXTRACTED_FROM
CAND_FA7E7A1F25BC,CHK_8C20195E143A,DOC_448A3EF9F119,8,EXTRACTED_FROM
CAND_57F210424D3E,CHK_8C20195E143A,DOC_448A3EF9F119,8,EXTRACTED_FROM
CAND_22CB74937F41,CHK_41A7F3653686,DOC_448A3EF9F119,8,EXTRACTED_FROM
CAND_448111EDAB9C,CHK_5D0031D58D00,DOC_448A3EF9F119,8,EXTRACTED_FROM
CAND_DD46A1F6C164,CHK_5B3687820A13,DOC_448A3EF9F119,9,EXTRACTED_FROM
CAND_D2B5E7EF6B4D,CHK_5B3687820A13,DOC_448A3EF9F119,9,EXTRACTED_FROM
CAND_9E7C82E3C38E,CHK_5B3687820A13,DOC_448A3EF9F119,9,EXTRACTED_FROM
CAND_ED445AEDB016,CHK_D64526882A11,DOC_448A3EF9F119,9,EXTRACTED_FROM
CAND_9311EB704783,CHK_D64526882A11,DOC_448A3EF9F119,9,EXTRACTED_FROM
CAND_5DFD7B897CBA,CHK_145CD5379A73,DOC_448A3EF9F119,9,EXTRACTED_FROM
CAND_9070074C8697,CHK_145CD5379A73,DOC_448A3EF9F119,9,EXTRACTED_FROM
CAND_4689E2C60212,CHK_145CD5379A73,DOC_448A3EF9F119,9,EXTRACTED_FROM
CAND_0A0561DBDD56,CHK_63CECBDF71FC,DOC_448A3EF9F119,10,EXTRACTED_FROM
CAND_DBB8742787DA,CHK_63CECBDF71FC,DOC_448A3EF9F119,10,EXTRACTED_FROM
CAND_A52653F6965C,CHK_3EE71E6938C3,DOC_448A3EF9F119,10,EXTRACTED_FROM
CAND_644744FBB9E5,CHK_3EE71E6938C3,DOC_448A3EF9F119,10,EXTRACTED_FROM
CAND_992140C3188B,CHK_3EE71E6938C3,DOC_448A3EF9F119,10,EXTRACTED_FROM
CAND_D962F59F3E58,CHK_0EACA103A7E0,DOC_448A3EF9F119,11,EXTRACTED_FROM
CAND_A7CEEFC692FD,CHK_0EACA103A7E0,DOC_448A3EF9F119,11,EXTRACTED_FROM
CAND_6E1B60A4687C,CHK_94A296B1B9F7,DOC_448A3EF9F119,11,EXTRACTED_FROM
CAND_08EFCF946F27,CHK_94A296B1B9F7,DOC_448A3EF9F119,11,EXTRACTED_FROM
CAND_17BE43DDCFD2,CHK_94A296B1B9F7,DOC_448A3EF9F119,11,EXTRACTED_FROM
CAND_D403A2B719B1,CHK_14492844669E,DOC_448A3EF9F119,11,EXTRACTED_FROM
CAND_71049D8BC7A0,CHK_4BBD855F57AE,DOC_448A3EF9F119,12,EXTRACTED_FROM
CAND_681B6E51AEDD,CHK_4BBD855F57AE,DOC_448A3EF9F119,12,EXTRACTED_FROM
CAND_BB1941C22EEF,CHK_4BBD855F57AE,DOC_448A3EF9F119,12,EXTRACTED_FROM
CAND_7AA5E190C03B,CHK_8887EC953B86,DOC_448A3EF9F119,13,EXTRACTED_FROM
CAND_D601D9853819,CHK_F2B2A3CC5D9A,DOC_448A3EF9F119,13,EXTRACTED_FROM
CAND_745F216BF593,CHK_F2B2A3CC5D9A,DOC_448A3EF9F119,13,EXTRACTED_FROM
CAND_DD93925FD4CF,CHK_81AA05806CED,DOC_448A3EF9F119,13,EXTRACTED_FROM
CAND_ECDAA162FC8D,CHK_B55AD0284DFD,DOC_448A3EF9F119,14,EXTRACTED_FROM
CAND_F06C9E58D57F,CHK_B55AD0284DFD,DOC_448A3EF9F119,14,EXTRACTED_FROM
CAND_7003468F7F94,CHK_1CA9880AB29C,DOC_448A3EF9F119,14,EXTRACTED_FROM
CAND_F66A14DDB9B4,CHK_1CA9880AB29C,DOC_448A3EF9F119,14,EXTRACTED_FROM
CAND_01B9E98AC63A,CHK_1CA9880AB29C,DOC_448A3EF9F119,14,EXTRACTED_FROM
CAND_7FE37AEEBCDE,CHK_BE8A16AD4B1D,DOC_448A3EF9F119,15,EXTRACTED_FROM
CAND_A3C3513622B1,CHK_BE8A16AD4B1D,DOC_448A3EF9F119,15,EXTRACTED_FROM
CAND_D5D53997C7D6,CHK_BE8A16AD4B1D,DOC_448A3EF9F119,15,EXTRACTED_FROM
CAND_477A2333BCB7,CHK_7F77DC22BEAD,DOC_448A3EF9F119,15,EXTRACTED_FROM
CAND_21C477746E07,CHK_7F77DC22BEAD,DOC_448A3EF9F119,15,EXTRACTED_FROM
CAND_DA7C1FE7368C,CHK_57EB916BE90C,DOC_448A3EF9F119,15,EXTRACTED_FROM
CAND_9DCC6A26B48D,CHK_82585CFCDE50,DOC_448A3EF9F119,16,EXTRACTED_FROM
CAND_8F68F0A05888,CHK_82585CFCDE50,DOC_448A3EF9F119,16,EXTRACTED_FROM
CAND_549034A70DA7,CHK_82585CFCDE50,DOC_448A3EF9F119,16,EXTRACTED_FROM
CAND_E31B0CC81029,CHK_82585CFCDE50,DOC_448A3EF9F119,16,EXTRACTED_FROM
CAND_2CE4BC3B1985,CHK_4C975C6FC5FD,DOC_448A3EF9F119,16,EXTRACTED_FROM
CAND_70BF674E1E67,CHK_4C975C6FC5FD,DOC_448A3EF9F119,16,EXTRACTED_FROM
CAND_E7D7DE634C5C,CHK_819F4030BFA1,DOC_448A3EF9F119,16,EXTRACTED_FROM
CAND_E4D1DC6AFD04,CHK_907F0C55B097,DOC_448A3EF9F119,17,EXTRACTED_FROM
CAND_D671DB481898,CHK_07BDE745B33B,DOC_448A3EF9F119,17,EXTRACTED_FROM
CAND_182D12982C59,CHK_07BDE745B33B,DOC_448A3EF9F119,17,EXTRACTED_FROM
CAND_1AE4C9DFF43E,CHK_07BDE745B33B,DOC_448A3EF9F119,17,EXTRACTED_FROM
CAND_67B39C8BF424,CHK_308984AE0858,DOC_448A3EF9F119,18,EXTRACTED_FROM
CAND_8B56EE87FEF2,CHK_B65E0977FF34,DOC_448A3EF9F119,18,EXTRACTED_FROM
CAND_A333611872D4,CHK_4AE67CA80F60,DOC_448A3EF9F119,19,EXTRACTED_FROM
CAND_2704D3942496,CHK_4AE67CA80F60,DOC_448A3EF9F119,19,EXTRACTED_FROM
CAND_A7E294DB7E71,CHK_7193C98CB75F,DOC_448A3EF9F119,19,EXTRACTED_FROM
CAND_EAEA4506CE10,CHK_7193C98CB75F,DOC_448A3EF9F119,19,EXTRACTED_FROM
CAND_B2CC10D623A8,CHK_F001D0CFFB28,DOC_448A3EF9F119,20,EXTRACTED_FROM
CAND_6F227A785478,CHK_F001D0CFFB28,DOC_448A3EF9F119,20,EXTRACTED_FROM
CAND_E683A9858E83,CHK_F001D0CFFB28,DOC_448A3EF9F119,20,EXTRACTED_FROM
CAND_76A8A23F0B0D,CHK_8DDFEA332847,DOC_448A3EF9F119,20,EXTRACTED_FROM
CAND_9E8CCBC71026,CHK_8DDFEA332847,DOC_448A3EF9F119,20,EXTRACTED_FROM
CAND_798081C13254,CHK_8190DF01AAC7,DOC_448A3EF9F119,21,EXTRACTED_FROM
CAND_8F0368A8486E,CHK_8190DF01AAC7,DOC_448A3EF9F119,21,EXTRACTED_FROM
CAND_65B98C358B26,CHK_BA8DDA8FDE44,DOC_448A3EF9F119,21,EXTRACTED_FROM
CAND_E96B845E1BB4,CHK_BA8DDA8FDE44,DOC_448A3EF9F119,21,EXTRACTED_FROM
CAND_7DCFFC179567,CHK_BA8DDA8FDE44,DOC_448A3EF9F119,21,EXTRACTED_FROM
CAND_7D503DA4476C,CHK_7930B1ACCBC3,DOC_448A3EF9F119,22,EXTRACTED_FROM
CAND_714D7F34E7D0,CHK_7930B1ACCBC3,DOC_448A3EF9F119,22,EXTRACTED_FROM
CAND_4E7DC2F199AD,CHK_7930B1ACCBC3,DOC_448A3EF9F119,22,EXTRACTED_FROM
CAND_004A17674130,CHK_8BB5C94EAFA9,DOC_448A3EF9F119,22,EXTRACTED_FROM
CAND_A3BDD92CEC80,CHK_A2F7EC87CB88,DOC_448A3EF9F119,23,EXTRACTED_FROM
CAND_57B6AE086E07,CHK_A2F7EC87CB88,DOC_448A3EF9F119,23,EXTRACTED_FROM
CAND_92E0B5B8DC20,CHK_A2F7EC87CB88,DOC_448A3EF9F119,23,EXTRACTED_FROM
CAND_69C5EED6383F,CHK_A2F7EC87CB88,DOC_448A3EF9F119,23,EXTRACTED_FROM
CAND_E7DD3F33BC14,CHK_1C2AAAB98BB3,DOC_448A3EF9F119,25,EXTRACTED_FROM
CAND_5D19CD5E4A8B,CHK_D1F52D999848,DOC_448A3EF9F119,25,EXTRACTED_FROM
CAND_130B8B8326EC,CHK_42FF1315BB8E,DOC_448A3EF9F119,26,EXTRACTED_FROM
CAND_F1A729DD9D5C,CHK_42FF1315BB8E,DOC_448A3EF9F119,26,EXTRACTED_FROM
CAND_4F6DF3FC92DD,CHK_8DA0D0A77C38,DOC_448A3EF9F119,28,EXTRACTED_FROM
CAND_97F9A59178AD,CHK_8DA0D0A77C38,DOC_448A3EF9F119,28,EXTRACTED_FROM
CAND_71D31731EB38,CHK_DB6E7E6B6177,DOC_448A3EF9F119,28,EXTRACTED_FROM
CAND_8FACC0E30FD2,CHK_DB6E7E6B6177,DOC_448A3EF9F119,28,EXTRACTED_FROM
CAND_BA8DC899FEC3,CHK_DB6E7E6B6177,DOC_448A3EF9F119,28,EXTRACTED_FROM
CAND_B55EEE32A743,CHK_31B93367BA6C,DOC_448A3EF9F119,28,EXTRACTED_FROM
CAND_A31B9BD1BDA9,CHK_31B93367BA6C,DOC_448A3EF9F119,28,EXTRACTED_FROM
CAND_379F17CCED9A,CHK_5F452E9BD454,DOC_448A3EF9F119,30,EXTRACTED_FROM
CAND_017CC86B663D,CHK_EC417F16BCD4,DOC_448A3EF9F119,31,EXTRACTED_FROM
CAND_FD78F3F109E4,CHK_C5537179B0CC,DOC_448A3EF9F119,31,EXTRACTED_FROM
CAND_C3B8C7FCB87B,CHK_C5537179B0CC,DOC_448A3EF9F119,31,EXTRACTED_FROM
CAND_58B3977E5043,CHK_C5537179B0CC,DOC_448A3EF9F119,31,EXTRACTED_FROM
CAND_BB2950956EFA,CHK_C5537179B0CC,DOC_448A3EF9F119,31,EXTRACTED_FROM
CAND_797B1DF47EEA,CHK_C5537179B0CC,DOC_448A3EF9F119,31,EXTRACTED_FROM
CAND_94F7DF247F20,CHK_849233E1D012,DOC_448A3EF9F119,31,EXTRACTED_FROM
CAND_B79DBD329814,CHK_849233E1D012,DOC_448A3EF9F119,31,EXTRACTED_FROM
CAND_01ADD2DCBBCA,CHK_849233E1D012,DOC_448A3EF9F119,31,EXTRACTED_FROM
CAND_CE143893CE16,CHK_849233E1D012,DOC_448A3EF9F119,31,EXTRACTED_FROM
CAND_1417C2984E28,CHK_EE947F159504,DOC_448A3EF9F119,32,EXTRACTED_FROM
CAND_DD89B82E50A5,CHK_EE947F159504,DOC_448A3EF9F119,32,EXTRACTED_FROM
CAND_E69D12673436,CHK_EE947F159504,DOC_448A3EF9F119,32,EXTRACTED_FROM
CAND_0207A216DA33,CHK_EE947F159504,DOC_448A3EF9F119,32,EXTRACTED_FROM
CAND_55E09BE975B5,CHK_EE947F159504,DOC_448A3EF9F119,32,EXTRACTED_FROM
CAND_3A23EB83ED03,CHK_2D2829241AB1,DOC_448A3EF9F119,33,EXTRACTED_FROM
CAND_593CDEAC213A,CHK_2D2829241AB1,DOC_448A3EF9F119,33,EXTRACTED_FROM
CAND_10832B5E1BE4,CHK_2D2829241AB1,DOC_448A3EF9F119,33,EXTRACTED_FROM
CAND_B09A8209C9A8,CHK_13CFF0EF17B1,DOC_448A3EF9F119,33,EXTRACTED_FROM
CAND_57941A75A4D2,CHK_13CFF0EF17B1,DOC_448A3EF9F119,33,EXTRACTED_FROM
CAND_AE55FECA4AB1,CHK_13CFF0EF17B1,DOC_448A3EF9F119,33,EXTRACTED_FROM
CAND_2C9E990A304F,CHK_13CFF0EF17B1,DOC_448A3EF9F119,33,EXTRACTED_FROM
CAND_B98CF16AECA3,CHK_13CFF0EF17B1,DOC_448A3EF9F119,33,EXTRACTED_FROM
CAND_4A1817EC6A85,CHK_13CFF0EF17B1,DOC_448A3EF9F119,33,EXTRACTED_FROM
CAND_F9A00A3112DB,CHK_C5A1A64C7DA4,DOC_448A3EF9F119,33,EXTRACTED_FROM
CAND_6BCAE76DAB76,CHK_C5A1A64C7DA4,DOC_448A3EF9F119,33,EXTRACTED_FROM
CAND_9CB8AA6F19E4,CHK_7A5BE0B805E3,DOC_448A3EF9F119,34,EXTRACTED_FROM
CAND_C33CFD01E385,CHK_7A5BE0B805E3,DOC_448A3EF9F119,34,EXTRACTED_FROM
CAND_ED6D380FFCCB,CHK_7A5BE0B805E3,DOC_448A3EF9F119,34,EXTRACTED_FROM
CAND_CD0BC207F76E,CHK_7A5BE0B805E3,DOC_448A3EF9F119,34,EXTRACTED_FROM
CAND_CC490B0A2162,CHK_416ACB11B1C5,DOC_448A3EF9F119,34,EXTRACTED_FROM
CAND_7A5E4858A6F9,CHK_416ACB11B1C5,DOC_448A3EF9F119,34,EXTRACTED_FROM
CAND_37489F85F6F4,CHK_416ACB11B1C5,DOC_448A3EF9F119,34,EXTRACTED_FROM
CAND_8BB1B6D74586,CHK_416ACB11B1C5,DOC_448A3EF9F119,34,EXTRACTED_FROM
CAND_64C68830B78F,CHK_416ACB11B1C5,DOC_448A3EF9F119,34,EXTRACTED_FROM
CAND_2C2E68FFDFD4,CHK_081746B0B249,DOC_448A3EF9F119,35,EXTRACTED_FROM
CAND_B7D378F45FB2,CHK_081746B0B249,DOC_448A3EF9F119,35,EXTRACTED_FROM
CAND_B619A864BCFE,CHK_081746B0B249,DOC_448A3EF9F119,35,EXTRACTED_FROM
CAND_424B055C67BE,CHK_081746B0B249,DOC_448A3EF9F119,35,EXTRACTED_FROM
CAND_16AF46F0F732,CHK_081746B0B249,DOC_448A3EF9F119,35,EXTRACTED_FROM
CAND_EC414CACD708,CHK_98A23A0BD245,DOC_448A3EF9F119,35,EXTRACTED_FROM
CAND_05986DD1EBC6,CHK_98A23A0BD245,DOC_448A3EF9F119,35,EXTRACTED_FROM
CAND_705BCEDFE57B,CHK_B7194F364FA2,DOC_448A3EF9F119,36,EXTRACTED_FROM
CAND_CC33D6A6CB06,CHK_B7194F364FA2,DOC_448A3EF9F119,36,EXTRACTED_FROM
CAND_065C0FCB0749,CHK_B7194F364FA2,DOC_448A3EF9F119,36,EXTRACTED_FROM
CAND_56464EB1C194,CHK_B7194F364FA2,DOC_448A3EF9F119,36,EXTRACTED_FROM
CAND_658C9E4EE997,CHK_B7194F364FA2,DOC_448A3EF9F119,36,EXTRACTED_FROM
CAND_9414D1386141,CHK_81377BAC7D08,DOC_448A3EF9F119,37,EXTRACTED_FROM
CAND_DCF0B4BFEC3F,CHK_81377BAC7D08,DOC_448A3EF9F119,37,EXTRACTED_FROM
CAND_9A023EA18716,CHK_81377BAC7D08,DOC_448A3EF9F119,37,EXTRACTED_FROM
CAND_7084A4DC3278,CHK_81377BAC7D08,DOC_448A3EF9F119,37,EXTRACTED_FROM
CAND_B58A79076530,CHK_C82C8348CAAE,DOC_448A3EF9F119,37,EXTRACTED_FROM
CAND_8FB1178E4D6A,CHK_C82C8348CAAE,DOC_448A3EF9F119,37,EXTRACTED_FROM
CAND_95B070B52B5E,CHK_C82C8348CAAE,DOC_448A3EF9F119,37,EXTRACTED_FROM
CAND_9D43E75CD76E,CHK_8D4CF9D0B83F,DOC_448A3EF9F119,38,EXTRACTED_FROM
CAND_8B56CD9C5ECF,CHK_8D4CF9D0B83F,DOC_448A3EF9F119,38,EXTRACTED_FROM
CAND_D6C63EC39A46,CHK_8D4CF9D0B83F,DOC_448A3EF9F119,38,EXTRACTED_FROM
CAND_DB1F380D911B,CHK_78E2B3CF54AF,DOC_448A3EF9F119,38,EXTRACTED_FROM
CAND_C47FF0F1A913,CHK_78E2B3CF54AF,DOC_448A3EF9F119,38,EXTRACTED_FROM
CAND_A3E723F2634F,CHK_F75EEDF510D6,DOC_448A3EF9F119,39,EXTRACTED_FROM
CAND_595E564EC312,CHK_F75EEDF510D6,DOC_448A3EF9F119,39,EXTRACTED_FROM
CAND_EB713F84E682,CHK_F75EEDF510D6,DOC_448A3EF9F119,39,EXTRACTED_FROM
CAND_06D7BC549855,CHK_F75EEDF510D6,DOC_448A3EF9F119,39,EXTRACTED_FROM
CAND_02EE8389E57A,CHK_F75EEDF510D6,DOC_448A3EF9F119,39,EXTRACTED_FROM
CAND_59DCCF3C6124,CHK_A7995BA6334C,DOC_448A3EF9F119,39,EXTRACTED_FROM
CAND_B47D50B73921,CHK_A7995BA6334C,DOC_448A3EF9F119,39,EXTRACTED_FROM
CAND_1D5E786708B7,CHK_1EE8912193C5,DOC_448A3EF9F119,39,EXTRACTED_FROM
CAND_BF5CC6F13F3D,CHK_1EE8912193C5,DOC_448A3EF9F119,39,EXTRACTED_FROM
CAND_58F8C853C439,CHK_F3C91800567F,DOC_448A3EF9F119,40,EXTRACTED_FROM
CAND_CBED47A75E21,CHK_F3C91800567F,DOC_448A3EF9F119,40,EXTRACTED_FROM
CAND_97984F67751C,CHK_0D94DEA4A018,DOC_448A3EF9F119,42,EXTRACTED_FROM
CAND_86130EDC4E53,CHK_9FF69925445C,DOC_448A3EF9F119,43,EXTRACTED_FROM
CAND_1CE9DDDC3FA4,CHK_9FF69925445C,DOC_448A3EF9F119,43,EXTRACTED_FROM
CAND_85A22C36A4A2,CHK_2B0737097793,DOC_448A3EF9F119,43,EXTRACTED_FROM
CAND_484FEAD73602,CHK_E7CB9BA86701,DOC_448A3EF9F119,44,EXTRACTED_FROM
CAND_FD024B4094BF,CHK_E7CB9BA86701,DOC_448A3EF9F119,44,EXTRACTED_FROM
CAND_C29AA4C2FA49,CHK_71219713861C,DOC_448A3EF9F119,44,EXTRACTED_FROM
CAND_778A5706C178,CHK_A7AC5A7F0D78,DOC_21FF4F1370C5,1,EXTRACTED_FROM
CAND_47CC076C825A,CHK_4E5F822FBF7B,DOC_21FF4F1370C5,1,EXTRACTED_FROM
CAND_0B039E905CB3,CHK_4E5F822FBF7B,DOC_21FF4F1370C5,1,EXTRACTED_FROM
CAND_D01938CE9E7D,CHK_4E5F822FBF7B,DOC_21FF4F1370C5,1,EXTRACTED_FROM
CAND_3F7D21025D42,CHK_4E5F822FBF7B,DOC_21FF4F1370C5,1,EXTRACTED_FROM
CAND_F4C5BC64E5FC,CHK_4E5F822FBF7B,DOC_21FF4F1370C5,1,EXTRACTED_FROM
CAND_149B35695A1F,CHK_4E5F822FBF7B,DOC_21FF4F1370C5,1,EXTRACTED_FROM
CAND_7E55495D4BC7,CHK_94DC8E7A5C28,DOC_21FF4F1370C5,1,EXTRACTED_FROM
CAND_0D7A38BE4E52,CHK_94DC8E7A5C28,DOC_21FF4F1370C5,1,EXTRACTED_FROM
CAND_0176109B14D3,CHK_94DC8E7A5C28,DOC_21FF4F1370C5,1,EXTRACTED_FROM
CAND_851A047557A0,CHK_0DEBFBCC76AF,DOC_21FF4F1370C5,2,EXTRACTED_FROM
CAND_C8EF86F79CC7,CHK_B5F3BD564501,DOC_21FF4F1370C5,2,EXTRACTED_FROM
CAND_2FA72540805C,CHK_B5F3BD564501,DOC_21FF4F1370C5,2,EXTRACTED_FROM
CAND_C0FB1939ADCF,CHK_B5F3BD564501,DOC_21FF4F1370C5,2,EXTRACTED_FROM
CAND_C11BDF7BD03F,CHK_B5F3BD564501,DOC_21FF4F1370C5,2,EXTRACTED_FROM
CAND_37B9BE94024D,CHK_1319D88A935B,DOC_21FF4F1370C5,2,EXTRACTED_FROM
CAND_342067730727,CHK_FA3C013E455D,DOC_21FF4F1370C5,2,EXTRACTED_FROM
CAND_C9FBBE5F6AFA,CHK_FA3C013E455D,DOC_21FF4F1370C5,2,EXTRACTED_FROM
CAND_1E75139B8314,CHK_FA3C013E455D,DOC_21FF4F1370C5,2,EXTRACTED_FROM
CAND_880585AAA6B6,CHK_FA3C013E455D,DOC_21FF4F1370C5,2,EXTRACTED_FROM
CAND_4141FD40095F,CHK_F4D8CEDA4E35,DOC_21FF4F1370C5,2,EXTRACTED_FROM
CAND_BA1E6BC77ED6,CHK_1AB6E7DB7EFE,DOC_21FF4F1370C5,3,EXTRACTED_FROM
CAND_11B8E0509098,CHK_1AB6E7DB7EFE,DOC_21FF4F1370C5,3,EXTRACTED_FROM
CAND_2C8D70D81D1B,CHK_D8F47894AF75,DOC_21FF4F1370C5,3,EXTRACTED_FROM
CAND_B82711D735AA,CHK_D8F47894AF75,DOC_21FF4F1370C5,3,EXTRACTED_FROM
CAND_92588E240C7A,CHK_D8F47894AF75,DOC_21FF4F1370C5,3,EXTRACTED_FROM
CAND_93240D42FC53,CHK_D8F47894AF75,DOC_21FF4F1370C5,3,EXTRACTED_FROM
CAND_6A272647D8FD,CHK_AB6B3EAA9F5C,DOC_21FF4F1370C5,3,EXTRACTED_FROM
CAND_67A6488363E8,CHK_AB6B3EAA9F5C,DOC_21FF4F1370C5,3,EXTRACTED_FROM
CAND_7C6F4F46EAB0,CHK_67CDF686C50F,DOC_21FF4F1370C5,4,EXTRACTED_FROM
CAND_F6E916D252E6,CHK_67CDF686C50F,DOC_21FF4F1370C5,4,EXTRACTED_FROM
CAND_1723A53CD0A9,CHK_67CDF686C50F,DOC_21FF4F1370C5,4,EXTRACTED_FROM
CAND_8299D3B22B48,CHK_67CDF686C50F,DOC_21FF4F1370C5,4,EXTRACTED_FROM
CAND_2299F62AA4C6,CHK_67CDF686C50F,DOC_21FF4F1370C5,4,EXTRACTED_FROM
CAND_08D4E2DC1D57,CHK_00AEACDF4A77,DOC_21FF4F1370C5,5,EXTRACTED_FROM
CAND_5E38B120026F,CHK_00AEACDF4A77,DOC_21FF4F1370C5,5,EXTRACTED_FROM
CAND_BB1CD0F471A4,CHK_00AEACDF4A77,DOC_21FF4F1370C5,5,EXTRACTED_FROM
CAND_7458ECC1968F,CHK_CE6D840B9B05,DOC_21FF4F1370C5,5,EXTRACTED_FROM
CAND_0AA96898F879,CHK_C8448DBDB93E,DOC_21FF4F1370C5,5,EXTRACTED_FROM
CAND_E5E7F7406A62,CHK_554D82DBACDF,DOC_21FF4F1370C5,6,EXTRACTED_FROM
CAND_348F020907B3,CHK_554D82DBACDF,DOC_21FF4F1370C5,6,EXTRACTED_FROM
CAND_F2AB5BC2D486,CHK_554D82DBACDF,DOC_21FF4F1370C5,6,EXTRACTED_FROM
CAND_92AF0223EE9E,CHK_554D82DBACDF,DOC_21FF4F1370C5,6,EXTRACTED_FROM
CAND_B9E2F0C86314,CHK_554D82DBACDF,DOC_21FF4F1370C5,6,EXTRACTED_FROM
CAND_9555ACE8AE3C,CHK_554D82DBACDF,DOC_21FF4F1370C5,6,EXTRACTED_FROM
CAND_D7769145EC7D,CHK_AA0932E125D6,DOC_21FF4F1370C5,6,EXTRACTED_FROM
CAND_471F323F41C8,CHK_AA0932E125D6,DOC_21FF4F1370C5,6,EXTRACTED_FROM
CAND_0997DBC205B8,CHK_131D4C404D10,DOC_21FF4F1370C5,6,EXTRACTED_FROM
CAND_43AB1728C5D7,CHK_3A433AA80DC8,DOC_21FF4F1370C5,6,EXTRACTED_FROM
CAND_F31032C1918E,CHK_3A433AA80DC8,DOC_21FF4F1370C5,6,EXTRACTED_FROM
CAND_34692A075E79,CHK_652ADFB15017,DOC_21FF4F1370C5,7,EXTRACTED_FROM
CAND_95090FB069C8,CHK_652ADFB15017,DOC_21FF4F1370C5,7,EXTRACTED_FROM
CAND_F30EFCDD82A6,CHK_D21766938CDE,DOC_21FF4F1370C5,7,EXTRACTED_FROM
CAND_4C92A4D16376,CHK_D21766938CDE,DOC_21FF4F1370C5,7,EXTRACTED_FROM
CAND_702F916542A5,CHK_D21766938CDE,DOC_21FF4F1370C5,7,EXTRACTED_FROM
CAND_7F911CBC546E,CHK_D21766938CDE,DOC_21FF4F1370C5,7,EXTRACTED_FROM
CAND_3DBDAE8EFC63,CHK_D21766938CDE,DOC_21FF4F1370C5,7,EXTRACTED_FROM
CAND_7772546F4BEF,CHK_B2D346D5997C,DOC_21FF4F1370C5,7,EXTRACTED_FROM
CAND_B8DB614F2D92,CHK_B2D346D5997C,DOC_21FF4F1370C5,7,EXTRACTED_FROM
CAND_B6AEE25A5083,CHK_C2BC46A5870B,DOC_21FF4F1370C5,7,EXTRACTED_FROM
CAND_5B2F0372A7D4,CHK_C2BC46A5870B,DOC_21FF4F1370C5,7,EXTRACTED_FROM
CAND_075416E6D19C,CHK_C2BC46A5870B,DOC_21FF4F1370C5,7,EXTRACTED_FROM
CAND_28497DC352BB,CHK_9ED388F34E44,DOC_21FF4F1370C5,7,EXTRACTED_FROM
CAND_7357E9D2B9D6,CHK_9ED388F34E44,DOC_21FF4F1370C5,7,EXTRACTED_FROM
CAND_20118C94887D,CHK_FEB4666C0074,DOC_21FF4F1370C5,8,EXTRACTED_FROM
CAND_FF23A5BF982F,CHK_FEB4666C0074,DOC_21FF4F1370C5,8,EXTRACTED_FROM
CAND_B474E8B0848D,CHK_FEB4666C0074,DOC_21FF4F1370C5,8,EXTRACTED_FROM
CAND_0573362FFAC8,CHK_FEB4666C0074,DOC_21FF4F1370C5,8,EXTRACTED_FROM
CAND_B16648D44AFD,CHK_FEB4666C0074,DOC_21FF4F1370C5,8,EXTRACTED_FROM
CAND_EFD2B8B61329,CHK_7D14F22F1CE6,DOC_21FF4F1370C5,8,EXTRACTED_FROM
CAND_7384CE9BC02A,CHK_7D14F22F1CE6,DOC_21FF4F1370C5,8,EXTRACTED_FROM
CAND_719EA1D49C10,CHK_7D14F22F1CE6,DOC_21FF4F1370C5,8,EXTRACTED_FROM
CAND_0C71BC9F2C78,CHK_09F443C0FFD6,DOC_21FF4F1370C5,8,EXTRACTED_FROM
CAND_4F7FCCBC3722,CHK_F9CF709834EE,DOC_21FF4F1370C5,9,EXTRACTED_FROM
CAND_3C589F5F479F,CHK_F9CF709834EE,DOC_21FF4F1370C5,9,EXTRACTED_FROM
CAND_8DBE4020C2F3,CHK_F9CF709834EE,DOC_21FF4F1370C5,9,EXTRACTED_FROM
CAND_9B0DD5964E6A,CHK_F9CF709834EE,DOC_21FF4F1370C5,9,EXTRACTED_FROM
CAND_1D9267C29E47,CHK_A770A5E0E19E,DOC_21FF4F1370C5,9,EXTRACTED_FROM
CAND_EE4B6B395756,CHK_A770A5E0E19E,DOC_21FF4F1370C5,9,EXTRACTED_FROM
CAND_B0C438CB1882,CHK_7C296E452FE8,DOC_21FF4F1370C5,10,EXTRACTED_FROM
CAND_12C3E44B0FBB,CHK_7E1D68563924,DOC_21FF4F1370C5,10,EXTRACTED_FROM
CAND_95D448009A65,CHK_74B914EE20C0,DOC_21FF4F1370C5,10,EXTRACTED_FROM
CAND_0F225C9AC4D2,CHK_2A0EC3A745C6,DOC_21FF4F1370C5,11,EXTRACTED_FROM
CAND_ADF519812E3D,CHK_2A0EC3A745C6,DOC_21FF4F1370C5,11,EXTRACTED_FROM
CAND_CA73B359EF78,CHK_2A0EC3A745C6,DOC_21FF4F1370C5,11,EXTRACTED_FROM
CAND_B9B6B23AEA63,CHK_B6CFFF154F15,DOC_21FF4F1370C5,12,EXTRACTED_FROM
CAND_EB27722E9CB8,CHK_EA7198FD91A8,DOC_5D2D931F3757,1,EXTRACTED_FROM
CAND_BD89398B5464,CHK_8C00DEF486FE,DOC_5D2D931F3757,1,EXTRACTED_FROM
CAND_7A7785E93A49,CHK_8C00DEF486FE,DOC_5D2D931F3757,1,EXTRACTED_FROM
CAND_E4EBF46207D7,CHK_8C00DEF486FE,DOC_5D2D931F3757,1,EXTRACTED_FROM
CAND_8E4468E8B0D6,CHK_8C00DEF486FE,DOC_5D2D931F3757,1,EXTRACTED_FROM
CAND_54A1D74AF22B,CHK_290287BFD9DD,DOC_5D2D931F3757,1,EXTRACTED_FROM
CAND_128E7C62BB76,CHK_290287BFD9DD,DOC_5D2D931F3757,1,EXTRACTED_FROM
CAND_FF8D6564A93F,CHK_290287BFD9DD,DOC_5D2D931F3757,1,EXTRACTED_FROM
CAND_7E35BC9BF942,CHK_290287BFD9DD,DOC_5D2D931F3757,1,EXTRACTED_FROM
CAND_BD167AEF930D,CHK_290287BFD9DD,DOC_5D2D931F3757,1,EXTRACTED_FROM
CAND_77DA542DC839,CHK_829DEC282E2C,DOC_5D2D931F3757,2,EXTRACTED_FROM
CAND_FFFCD5389D3A,CHK_829DEC282E2C,DOC_5D2D931F3757,2,EXTRACTED_FROM
CAND_C8A45F5D0B71,CHK_829DEC282E2C,DOC_5D2D931F3757,2,EXTRACTED_FROM
CAND_19990016C1C9,CHK_A24DC454A34D,DOC_5D2D931F3757,2,EXTRACTED_FROM
CAND_3EE221FB9C9B,CHK_A24DC454A34D,DOC_5D2D931F3757,2,EXTRACTED_FROM
CAND_68D02867D83E,CHK_A24DC454A34D,DOC_5D2D931F3757,2,EXTRACTED_FROM
CAND_0AA6E15B0688,CHK_DABE8C78A7C3,DOC_5D2D931F3757,2,EXTRACTED_FROM
CAND_D56C631210ED,CHK_DABE8C78A7C3,DOC_5D2D931F3757,2,EXTRACTED_FROM
CAND_276ED8148978,CHK_DABE8C78A7C3,DOC_5D2D931F3757,2,EXTRACTED_FROM
CAND_F767D14AB472,CHK_DABE8C78A7C3,DOC_5D2D931F3757,2,EXTRACTED_FROM
CAND_6DF37D4EFD9E,CHK_1044FE7C59BE,DOC_5D2D931F3757,2,EXTRACTED_FROM
CAND_E5E30BB0E21F,CHK_1044FE7C59BE,DOC_5D2D931F3757,2,EXTRACTED_FROM
CAND_3DFE74E162A9,CHK_1044FE7C59BE,DOC_5D2D931F3757,2,EXTRACTED_FROM
CAND_4A680031DE9F,CHK_1044FE7C59BE,DOC_5D2D931F3757,2,EXTRACTED_FROM
CAND_06DCC05AF2C1,CHK_5A9518C1747F,DOC_5D2D931F3757,2,EXTRACTED_FROM
CAND_9E5C8FE8A50D,CHK_77F4C06E0C77,DOC_5D2D931F3757,3,EXTRACTED_FROM
CAND_BDEA5B63EC8B,CHK_77F4C06E0C77,DOC_5D2D931F3757,3,EXTRACTED_FROM
CAND_BF6B787074E3,CHK_3F7D4877EF57,DOC_5D2D931F3757,3,EXTRACTED_FROM
CAND_B902B5CD39A9,CHK_CAB05FB341FC,DOC_5D2D931F3757,4,EXTRACTED_FROM
CAND_7B0FCA8F2B00,CHK_CAB05FB341FC,DOC_5D2D931F3757,4,EXTRACTED_FROM
CAND_C7AD425CE1B8,CHK_97D657ED7D5E,DOC_5D2D931F3757,5,EXTRACTED_FROM
CAND_9AD1A0158A59,CHK_97D657ED7D5E,DOC_5D2D931F3757,5,EXTRACTED_FROM
CAND_FB2A367CC346,CHK_97D657ED7D5E,DOC_5D2D931F3757,5,EXTRACTED_FROM
CAND_0A8265E893EC,CHK_65D5537BED80,DOC_5D2D931F3757,5,EXTRACTED_FROM
CAND_7CEE5B69C329,CHK_65D5537BED80,DOC_5D2D931F3757,5,EXTRACTED_FROM
CAND_BD7C6E187BD0,CHK_65D5537BED80,DOC_5D2D931F3757,5,EXTRACTED_FROM
CAND_5D08262071AB,CHK_65D5537BED80,DOC_5D2D931F3757,5,EXTRACTED_FROM
CAND_24846D575EC2,CHK_BDFC900E99A9,DOC_5D2D931F3757,5,EXTRACTED_FROM
CAND_EF5825D2E8A2,CHK_BDFC900E99A9,DOC_5D2D931F3757,5,EXTRACTED_FROM
CAND_ACD6B95D5970,CHK_BDFC900E99A9,DOC_5D2D931F3757,5,EXTRACTED_FROM
CAND_C254117FE60C,CHK_BDFC900E99A9,DOC_5D2D931F3757,5,EXTRACTED_FROM
CAND_87B072B6E0F0,CHK_8A6228B4A220,DOC_5D2D931F3757,6,EXTRACTED_FROM
CAND_574530E95603,CHK_8A6228B4A220,DOC_5D2D931F3757,6,EXTRACTED_FROM
CAND_17DB93A694E7,CHK_8A6228B4A220,DOC_5D2D931F3757,6,EXTRACTED_FROM
CAND_4C3E8B8DFE86,CHK_329696EEFE40,DOC_5D2D931F3757,6,EXTRACTED_FROM
CAND_48377954DE54,CHK_329696EEFE40,DOC_5D2D931F3757,6,EXTRACTED_FROM
CAND_2BE068575689,CHK_329696EEFE40,DOC_5D2D931F3757,6,EXTRACTED_FROM
CAND_494CEEC81162,CHK_E1D0E92FBB18,DOC_5D2D931F3757,6,EXTRACTED_FROM
CAND_879A7313CFCE,CHK_AE4EA529860E,DOC_5D2D931F3757,7,EXTRACTED_FROM
CAND_B168ABE8A0FC,CHK_AE4EA529860E,DOC_5D2D931F3757,7,EXTRACTED_FROM
CAND_549910ED171E,CHK_274F000FD13F,DOC_5D2D931F3757,7,EXTRACTED_FROM
CAND_7005FC06FAB1,CHK_74F31ECDFED2,DOC_5D2D931F3757,7,EXTRACTED_FROM
CAND_7D65DE75EAFE,CHK_74F31ECDFED2,DOC_5D2D931F3757,7,EXTRACTED_FROM
CAND_668286FC0350,CHK_BD2F68B8807C,DOC_5D2D931F3757,7,EXTRACTED_FROM
CAND_821972817DE5,CHK_CD8094A67B8A,DOC_5D2D931F3757,7,EXTRACTED_FROM
CAND_EDD0E8CF523E,CHK_CD8094A67B8A,DOC_5D2D931F3757,7,EXTRACTED_FROM
CAND_66970AAE21BD,CHK_CD8094A67B8A,DOC_5D2D931F3757,7,EXTRACTED_FROM
CAND_54F1880D98CD,CHK_AD527B0E212E,DOC_5D2D931F3757,8,EXTRACTED_FROM
CAND_3954DF705A35,CHK_7DE871031528,DOC_5D2D931F3757,9,EXTRACTED_FROM
