source_node_id,target_node_id,relationship_type,support_type
DRUG_ZANUBRUTINIB,BRAND_BRUKINSA,MARKETED_AS,
DRUG_ZANUBRUTINIB,TRIAL_ALPINE,STUDIED_IN,
DRUG_ZANUBRUTINIB,LABEL_BRUKINSA_US,HAS_REGULATORY_LABEL,
DRUG_ZANUBRUTINIB,CLM_9A0C1079EAD6,HAS_GENERIC_NAME,
DRUG_ZANUBRUTINIB,CLM_DAB8AF3FCA4E,HAS_BRAND_NAME,
DRUG_ZANUBRUTINIB,CLM_969067DB02D4,HAS_ROUTE,
DRUG_ZANUBRUTINIB,CLM_897156E235B6,HAS_FDA_APPLICATION,
DRUG_ZANUBRUTINIB,CLM_2B5297E80F47,STUDIED_IN,
DRUG_ZANUBRUTINIB,CLM_D962881F38A3,HAS_PUBLICATION,
DRUG_ZANUBRUTINIB,CLM_118DDEE7F473,HAS_PUBLICATION,
DRUG_ZANUBRUTINIB,CLM_57ACADA96115,HAS_RECOMMENDED_DOSAGE,
TRIAL_ALPINE,TRIAL_NCT03734016,REGISTERED_AS,
TRIAL_ALPINE,DISEASE_CLL_SLL,STUDIES_DISEASE,
TRIAL_ALPINE,PUBLICATION_ALPINE_INTERIM,HAS_PUBLICATION,
TRIAL_ALPINE,PUBLICATION_ALPINE_CHINA,HAS_SUBGROUP_PUBLICATION,
TRIAL_NCT03734016,SRC_TRIAL_ALPINE,REPRESENTED_BY_SOURCE,
PUBLICATION_ALPINE_INTERIM,SRC_ALPINE_INTERIM,REPRESENTED_BY_SOURCE,
PUBLICATION_ALPINE_CHINA,SRC_ALPINE_CHINA,REPRESENTED_BY_SOURCE,
LABEL_BRUKINSA_US,DISEASE_CLL_SLL,HAS_INDICATION,
LABEL_BRUKINSA_US,SRC_LABEL_US,REPRESENTED_BY_SOURCE,
CLM_9A0C1079EAD6,SRC_LABEL_US,SUPPORTED_BY,DIRECT_SUPPORT
CLM_DAB8AF3FCA4E,SRC_LABEL_US,SUPPORTED_BY,DIRECT_SUPPORT
CLM_969067DB02D4,SRC_LABEL_US,SUPPORTED_BY,DIRECT_SUPPORT
CLM_897156E235B6,SRC_LABEL_US,SUPPORTED_BY,DIRECT_SUPPORT
CLM_2B5297E80F47,SRC_TRIAL_ALPINE,SUPPORTED_BY,DIRECT_SUPPORT
CLM_D962881F38A3,SRC_ALPINE_INTERIM,SUPPORTED_BY,DIRECT_SUPPORT
CLM_118DDEE7F473,SRC_ALPINE_CHINA,SUPPORTED_BY,DIRECT_SUPPORT
CLM_57ACADA96115,SRC_LABEL_US,SUPPORTED_BY,DIRECT_SUPPORT
SRC_LABEL_US,DOC_448A3EF9F119,HAS_DOCUMENT,
SRC_ALPINE_INTERIM,DOC_21FF4F1370C5,HAS_DOCUMENT,
SRC_ALPINE_CHINA,DOC_5D2D931F3757,HAS_DOCUMENT,
DOC_448A3EF9F119,CHK_A459571ED9D7,CONTAINS_CHUNK,
DOC_448A3EF9F119,CHK_2D3B4017A223,CONTAINS_CHUNK,
DOC_448A3EF9F119,CHK_A0683D4E2B99,CONTAINS_CHUNK,
DOC_448A3EF9F119,CHK_FA4EE0CC4AD0,CONTAINS_CHUNK,
DOC_448A3EF9F119,CHK_1D80558CC4E0,CONTAINS_CHUNK,
DOC_448A3EF9F119,CHK_3087FAF53FC3,CONTAINS_CHUNK,
DOC_448A3EF9F119,CHK_BE209D6EED21,CONTAINS_CHUNK,
DOC_448A3EF9F119,CHK_A6C1041C7B26,CONTAINS_CHUNK,
DOC_448A3EF9F119,CHK_790965F5BB58,CONTAINS_CHUNK,
DOC_448A3EF9F119,CHK_09448B4282C4,CONTAINS_CHUNK,
DOC_448A3EF9F119,CHK_B3A5131AD2B4,CONTAINS_CHUNK,
DOC_448A3EF9F119,CHK_27C64ACE78FB,CONTAINS_CHUNK,
DOC_448A3EF9F119,CHK_7CCBF9846C90,CONTAINS_CHUNK,
DOC_448A3EF9F119,CHK_1AAC5925C9C9,CONTAINS_CHUNK,
DOC_448A3EF9F119,CHK_1C0ABB7B4B7A,CONTAINS_CHUNK,
DOC_448A3EF9F119,CHK_22E2646CA19D,CONTAINS_CHUNK,
DOC_448A3EF9F119,CHK_EC92A998221E,CONTAINS_CHUNK,
DOC_448A3EF9F119,CHK_8C20195E143A,CONTAINS_CHUNK,
DOC_448A3EF9F119,CHK_41A7F3653686,CONTAINS_CHUNK,
DOC_448A3EF9F119,CHK_5D0031D58D00,CONTAINS_CHUNK,
DOC_448A3EF9F119,CHK_5B3687820A13,CONTAINS_CHUNK,
DOC_448A3EF9F119,CHK_D64526882A11,CONTAINS_CHUNK,
DOC_448A3EF9F119,CHK_145CD5379A73,CONTAINS_CHUNK,
DOC_448A3EF9F119,CHK_BB2915F77ACA,CONTAINS_CHUNK,
DOC_448A3EF9F119,CHK_63CECBDF71FC,CONTAINS_CHUNK,
DOC_448A3EF9F119,CHK_3EE71E6938C3,CONTAINS_CHUNK,
DOC_448A3EF9F119,CHK_0EACA103A7E0,CONTAINS_CHUNK,
DOC_448A3EF9F119,CHK_94A296B1B9F7,CONTAINS_CHUNK,
DOC_448A3EF9F119,CHK_14492844669E,CONTAINS_CHUNK,
DOC_448A3EF9F119,CHK_950A225C62B6,CONTAINS_CHUNK,
DOC_448A3EF9F119,CHK_4BBD855F57AE,CONTAINS_CHUNK,
DOC_448A3EF9F119,CHK_8887EC953B86,CONTAINS_CHUNK,
DOC_448A3EF9F119,CHK_F2B2A3CC5D9A,CONTAINS_CHUNK,
DOC_448A3EF9F119,CHK_81AA05806CED,CONTAINS_CHUNK,
DOC_448A3EF9F119,CHK_B55AD0284DFD,CONTAINS_CHUNK,
DOC_448A3EF9F119,CHK_1CA9880AB29C,CONTAINS_CHUNK,
DOC_448A3EF9F119,CHK_BE8A16AD4B1D,CONTAINS_CHUNK,
DOC_448A3EF9F119,CHK_7F77DC22BEAD,CONTAINS_CHUNK,
DOC_448A3EF9F119,CHK_57EB916BE90C,CONTAINS_CHUNK,
DOC_448A3EF9F119,CHK_82585CFCDE50,CONTAINS_CHUNK,
DOC_448A3EF9F119,CHK_4C975C6FC5FD,CONTAINS_CHUNK,
DOC_448A3EF9F119,CHK_819F4030BFA1,CONTAINS_CHUNK,
DOC_448A3EF9F119,CHK_907F0C55B097,CONTAINS_CHUNK,
DOC_448A3EF9F119,CHK_07BDE745B33B,CONTAINS_CHUNK,
DOC_448A3EF9F119,CHK_4276974AD637,CONTAINS_CHUNK,
DOC_448A3EF9F119,CHK_308984AE0858,CONTAINS_CHUNK,
DOC_448A3EF9F119,CHK_B65E0977FF34,CONTAINS_CHUNK,
DOC_448A3EF9F119,CHK_4AE67CA80F60,CONTAINS_CHUNK,
DOC_448A3EF9F119,CHK_7193C98CB75F,CONTAINS_CHUNK,
DOC_448A3EF9F119,CHK_F001D0CFFB28,CONTAINS_CHUNK,
DOC_448A3EF9F119,CHK_8DDFEA332847,CONTAINS_CHUNK,
DOC_448A3EF9F119,CHK_8190DF01AAC7,CONTAINS_CHUNK,
DOC_448A3EF9F119,CHK_BA8DDA8FDE44,CONTAINS_CHUNK,
DOC_448A3EF9F119,CHK_63D5BC4153C5,CONTAINS_CHUNK,
DOC_448A3EF9F119,CHK_7930B1ACCBC3,CONTAINS_CHUNK,
DOC_448A3EF9F119,CHK_8BB5C94EAFA9,CONTAINS_CHUNK,
DOC_448A3EF9F119,CHK_84F0E31C4F9C,CONTAINS_CHUNK,
DOC_448A3EF9F119,CHK_BD7E01E3DDED,CONTAINS_CHUNK,
DOC_448A3EF9F119,CHK_A2F7EC87CB88,CONTAINS_CHUNK,
DOC_448A3EF9F119,CHK_A98201B4B776,CONTAINS_CHUNK,
DOC_448A3EF9F119,CHK_5F14176F27EA,CONTAINS_CHUNK,
DOC_448A3EF9F119,CHK_93FAE59D8DC1,CONTAINS_CHUNK,
DOC_448A3EF9F119,CHK_1C2AAAB98BB3,CONTAINS_CHUNK,
DOC_448A3EF9F119,CHK_A23674DE9515,CONTAINS_CHUNK,
DOC_448A3EF9F119,CHK_D1F52D999848,CONTAINS_CHUNK,
DOC_448A3EF9F119,CHK_42FF1315BB8E,CONTAINS_CHUNK,
DOC_448A3EF9F119,CHK_9DFE6D6EAC2C,CONTAINS_CHUNK,
DOC_448A3EF9F119,CHK_19E88764DF11,CONTAINS_CHUNK,
DOC_448A3EF9F119,CHK_076DCC78F2BB,CONTAINS_CHUNK,
DOC_448A3EF9F119,CHK_E3227373DEB2,CONTAINS_CHUNK,
DOC_448A3EF9F119,CHK_8DA0D0A77C38,CONTAINS_CHUNK,
DOC_448A3EF9F119,CHK_DB6E7E6B6177,CONTAINS_CHUNK,
DOC_448A3EF9F119,CHK_31B93367BA6C,CONTAINS_CHUNK,
DOC_448A3EF9F119,CHK_8F3CE1E50699,CONTAINS_CHUNK,
DOC_448A3EF9F119,CHK_7E5E7CE1C8FD,CONTAINS_CHUNK,
DOC_448A3EF9F119,CHK_016881C72C7D,CONTAINS_CHUNK,
DOC_448A3EF9F119,CHK_5F452E9BD454,CONTAINS_CHUNK,
DOC_448A3EF9F119,CHK_43EFA9FCCD9D,CONTAINS_CHUNK,
DOC_448A3EF9F119,CHK_716F65021936,CONTAINS_CHUNK,
DOC_448A3EF9F119,CHK_EC417F16BCD4,CONTAINS_CHUNK,
DOC_448A3EF9F119,CHK_C5537179B0CC,CONTAINS_CHUNK,
DOC_448A3EF9F119,CHK_849233E1D012,CONTAINS_CHUNK,
DOC_448A3EF9F119,CHK_EE947F159504,CONTAINS_CHUNK,
DOC_448A3EF9F119,CHK_DCF4C9B511CD,CONTAINS_CHUNK,
DOC_448A3EF9F119,CHK_CC294B206D1B,CONTAINS_CHUNK,
DOC_448A3EF9F119,CHK_2D2829241AB1,CONTAINS_CHUNK,
DOC_448A3EF9F119,CHK_13CFF0EF17B1,CONTAINS_CHUNK,
DOC_448A3EF9F119,CHK_C5A1A64C7DA4,CONTAINS_CHUNK,
DOC_448A3EF9F119,CHK_7A5BE0B805E3,CONTAINS_CHUNK,
DOC_448A3EF9F119,CHK_416ACB11B1C5,CONTAINS_CHUNK,
DOC_448A3EF9F119,CHK_4C11CFB4EC17,CONTAINS_CHUNK,
DOC_448A3EF9F119,CHK_081746B0B249,CONTAINS_CHUNK,
DOC_448A3EF9F119,CHK_98A23A0BD245,CONTAINS_CHUNK,
DOC_448A3EF9F119,CHK_B7194F364FA2,CONTAINS_CHUNK,
DOC_448A3EF9F119,CHK_81377BAC7D08,CONTAINS_CHUNK,
DOC_448A3EF9F119,CHK_C82C8348CAAE,CONTAINS_CHUNK,
DOC_448A3EF9F119,CHK_1D6567FA358D,CONTAINS_CHUNK,
DOC_448A3EF9F119,CHK_8D4CF9D0B83F,CONTAINS_CHUNK,
DOC_448A3EF9F119,CHK_78E2B3CF54AF,CONTAINS_CHUNK,
DOC_448A3EF9F119,CHK_F75EEDF510D6,CONTAINS_CHUNK,
DOC_448A3EF9F119,CHK_A7995BA6334C,CONTAINS_CHUNK,
DOC_448A3EF9F119,CHK_1EE8912193C5,CONTAINS_CHUNK,
DOC_448A3EF9F119,CHK_F3C91800567F,CONTAINS_CHUNK,
DOC_448A3EF9F119,CHK_CD297AF59EC9,CONTAINS_CHUNK,
DOC_448A3EF9F119,CHK_86BD3139D4F8,CONTAINS_CHUNK,
DOC_448A3EF9F119,CHK_DF5DB8ACA145,CONTAINS_CHUNK,
DOC_448A3EF9F119,CHK_02ADEE2F5916,CONTAINS_CHUNK,
DOC_448A3EF9F119,CHK_C8201AF58299,CONTAINS_CHUNK,
DOC_448A3EF9F119,CHK_0D94DEA4A018,CONTAINS_CHUNK,
DOC_448A3EF9F119,CHK_81531DCA1260,CONTAINS_CHUNK,
DOC_448A3EF9F119,CHK_4D7F59B67D84,CONTAINS_CHUNK,
DOC_448A3EF9F119,CHK_9FF69925445C,CONTAINS_CHUNK,
DOC_448A3EF9F119,CHK_2B0737097793,CONTAINS_CHUNK,
DOC_448A3EF9F119,CHK_E7CB9BA86701,CONTAINS_CHUNK,
DOC_448A3EF9F119,CHK_71219713861C,CONTAINS_CHUNK,
DOC_448A3EF9F119,CHK_6AF751DB5503,CONTAINS_CHUNK,
DOC_448A3EF9F119,CHK_BE80EB92EF83,CONTAINS_CHUNK,
DOC_448A3EF9F119,CHK_34C7F7F96FF8,CONTAINS_CHUNK,
DOC_448A3EF9F119,CHK_DAE1BAFD4A0E,CONTAINS_CHUNK,
DOC_448A3EF9F119,CHK_291EEB344647,CONTAINS_CHUNK,
DOC_448A3EF9F119,CHK_91F0BE71D5CE,CONTAINS_CHUNK,
DOC_448A3EF9F119,CHK_E16C7E998D15,CONTAINS_CHUNK,
DOC_448A3EF9F119,CHK_D3D01DD4BD73,CONTAINS_CHUNK,
DOC_21FF4F1370C5,CHK_A7AC5A7F0D78,CONTAINS_CHUNK,
DOC_21FF4F1370C5,CHK_4E5F822FBF7B,CONTAINS_CHUNK,
DOC_21FF4F1370C5,CHK_94DC8E7A5C28,CONTAINS_CHUNK,
DOC_21FF4F1370C5,CHK_EB72B274547C,CONTAINS_CHUNK,
DOC_21FF4F1370C5,CHK_F8D8855A4426,CONTAINS_CHUNK,
DOC_21FF4F1370C5,CHK_0DEBFBCC76AF,CONTAINS_CHUNK,
DOC_21FF4F1370C5,CHK_B5F3BD564501,CONTAINS_CHUNK,
DOC_21FF4F1370C5,CHK_1319D88A935B,CONTAINS_CHUNK,
DOC_21FF4F1370C5,CHK_FA3C013E455D,CONTAINS_CHUNK,
DOC_21FF4F1370C5,CHK_F4D8CEDA4E35,CONTAINS_CHUNK,
DOC_21FF4F1370C5,CHK_1AB6E7DB7EFE,CONTAINS_CHUNK,
DOC_21FF4F1370C5,CHK_D8F47894AF75,CONTAINS_CHUNK,
DOC_21FF4F1370C5,CHK_AB6B3EAA9F5C,CONTAINS_CHUNK,
DOC_21FF4F1370C5,CHK_8EF1FF4A10B6,CONTAINS_CHUNK,
DOC_21FF4F1370C5,CHK_33C2B223ECA9,CONTAINS_CHUNK,
DOC_21FF4F1370C5,CHK_6AAA51E737AD,CONTAINS_CHUNK,
DOC_21FF4F1370C5,CHK_67CDF686C50F,CONTAINS_CHUNK,
DOC_21FF4F1370C5,CHK_822F5193A749,CONTAINS_CHUNK,
DOC_21FF4F1370C5,CHK_35E24DE8C107,CONTAINS_CHUNK,
DOC_21FF4F1370C5,CHK_00AEACDF4A77,CONTAINS_CHUNK,
DOC_21FF4F1370C5,CHK_21A72C1DE7C5,CONTAINS_CHUNK,
DOC_21FF4F1370C5,CHK_CE6D840B9B05,CONTAINS_CHUNK,
DOC_21FF4F1370C5,CHK_C8448DBDB93E,CONTAINS_CHUNK,
DOC_21FF4F1370C5,CHK_554D82DBACDF,CONTAINS_CHUNK,
DOC_21FF4F1370C5,CHK_AA0932E125D6,CONTAINS_CHUNK,
DOC_21FF4F1370C5,CHK_131D4C404D10,CONTAINS_CHUNK,
DOC_21FF4F1370C5,CHK_3A433AA80DC8,CONTAINS_CHUNK,
DOC_21FF4F1370C5,CHK_652ADFB15017,CONTAINS_CHUNK,
DOC_21FF4F1370C5,CHK_D21766938CDE,CONTAINS_CHUNK,
DOC_21FF4F1370C5,CHK_B2D346D5997C,CONTAINS_CHUNK,
DOC_21FF4F1370C5,CHK_C2BC46A5870B,CONTAINS_CHUNK,
DOC_21FF4F1370C5,CHK_9ED388F34E44,CONTAINS_CHUNK,
DOC_21FF4F1370C5,CHK_BFCA08DCE0BF,CONTAINS_CHUNK,
DOC_21FF4F1370C5,CHK_1DD196703A5E,CONTAINS_CHUNK,
DOC_21FF4F1370C5,CHK_FEB4666C0074,CONTAINS_CHUNK,
DOC_21FF4F1370C5,CHK_5B5D2750A0A8,CONTAINS_CHUNK,
DOC_21FF4F1370C5,CHK_7D14F22F1CE6,CONTAINS_CHUNK,
DOC_21FF4F1370C5,CHK_09F443C0FFD6,CONTAINS_CHUNK,
DOC_21FF4F1370C5,CHK_F9CF709834EE,CONTAINS_CHUNK,
DOC_21FF4F1370C5,CHK_BFB14CD72C59,CONTAINS_CHUNK,
DOC_21FF4F1370C5,CHK_A770A5E0E19E,CONTAINS_CHUNK,
DOC_21FF4F1370C5,CHK_FE4BA7FFDA70,CONTAINS_CHUNK,
DOC_21FF4F1370C5,CHK_65B73B15B60A,CONTAINS_CHUNK,
DOC_21FF4F1370C5,CHK_7C296E452FE8,CONTAINS_CHUNK,
DOC_21FF4F1370C5,CHK_D89C90B18598,CONTAINS_CHUNK,
DOC_21FF4F1370C5,CHK_7E1D68563924,CONTAINS_CHUNK,
DOC_21FF4F1370C5,CHK_74B914EE20C0,CONTAINS_CHUNK,
DOC_21FF4F1370C5,CHK_44521E8E4E9A,CONTAINS_CHUNK,
DOC_21FF4F1370C5,CHK_A5033489D6AB,CONTAINS_CHUNK,
DOC_21FF4F1370C5,CHK_2A0EC3A745C6,CONTAINS_CHUNK,
DOC_21FF4F1370C5,CHK_EDB9AE8826CA,CONTAINS_CHUNK,
DOC_21FF4F1370C5,CHK_B6CFFF154F15,CONTAINS_CHUNK,
DOC_21FF4F1370C5,CHK_1674D243CB2B,CONTAINS_CHUNK,
DOC_21FF4F1370C5,CHK_F879AEA3D538,CONTAINS_CHUNK,
DOC_21FF4F1370C5,CHK_F27F79038E3B,CONTAINS_CHUNK,
DOC_21FF4F1370C5,CHK_68D298B891A8,CONTAINS_CHUNK,
DOC_21FF4F1370C5,CHK_AF49C4395433,CONTAINS_CHUNK,
DOC_21FF4F1370C5,CHK_B33A0C178756,CONTAINS_CHUNK,
DOC_5D2D931F3757,CHK_EA7198FD91A8,CONTAINS_CHUNK,
DOC_5D2D931F3757,CHK_8C00DEF486FE,CONTAINS_CHUNK,
DOC_5D2D931F3757,CHK_290287BFD9DD,CONTAINS_CHUNK,
DOC_5D2D931F3757,CHK_9ECCC535BF20,CONTAINS_CHUNK,
DOC_5D2D931F3757,CHK_1343C83F743A,CONTAINS_CHUNK,
DOC_5D2D931F3757,CHK_829DEC282E2C,CONTAINS_CHUNK,
DOC_5D2D931F3757,CHK_A24DC454A34D,CONTAINS_CHUNK,
DOC_5D2D931F3757,CHK_DABE8C78A7C3,CONTAINS_CHUNK,
DOC_5D2D931F3757,CHK_1044FE7C59BE,CONTAINS_CHUNK,
DOC_5D2D931F3757,CHK_5A9518C1747F,CONTAINS_CHUNK,
DOC_5D2D931F3757,CHK_6A11C33E86D3,CONTAINS_CHUNK,
DOC_5D2D931F3757,CHK_77F4C06E0C77,CONTAINS_CHUNK,
DOC_5D2D931F3757,CHK_3F7D4877EF57,CONTAINS_CHUNK,
DOC_5D2D931F3757,CHK_CAB05FB341FC,CONTAINS_CHUNK,
DOC_5D2D931F3757,CHK_3A7A19344322,CONTAINS_CHUNK,
DOC_5D2D931F3757,CHK_ECF2EA8C4365,CONTAINS_CHUNK,
DOC_5D2D931F3757,CHK_97D657ED7D5E,CONTAINS_CHUNK,
DOC_5D2D931F3757,CHK_65D5537BED80,CONTAINS_CHUNK,
DOC_5D2D931F3757,CHK_BDFC900E99A9,CONTAINS_CHUNK,
DOC_5D2D931F3757,CHK_8A6228B4A220,CONTAINS_CHUNK,
DOC_5D2D931F3757,CHK_329696EEFE40,CONTAINS_CHUNK,
DOC_5D2D931F3757,CHK_E1D0E92FBB18,CONTAINS_CHUNK,
DOC_5D2D931F3757,CHK_0FE8419EF120,CONTAINS_CHUNK,
DOC_5D2D931F3757,CHK_AE4EA529860E,CONTAINS_CHUNK,
DOC_5D2D931F3757,CHK_274F000FD13F,CONTAINS_CHUNK,
DOC_5D2D931F3757,CHK_74F31ECDFED2,CONTAINS_CHUNK,
DOC_5D2D931F3757,CHK_C5BE06D745FE,CONTAINS_CHUNK,
DOC_5D2D931F3757,CHK_BD2F68B8807C,CONTAINS_CHUNK,
DOC_5D2D931F3757,CHK_CD8094A67B8A,CONTAINS_CHUNK,
DOC_5D2D931F3757,CHK_66AF7C7FA54C,CONTAINS_CHUNK,
DOC_5D2D931F3757,CHK_3F6CA759195E,CONTAINS_CHUNK,
DOC_5D2D931F3757,CHK_23A70020F172,CONTAINS_CHUNK,
DOC_5D2D931F3757,CHK_AD527B0E212E,CONTAINS_CHUNK,
DOC_5D2D931F3757,CHK_203CA64153DB,CONTAINS_CHUNK,
DOC_5D2D931F3757,CHK_A682E35A9099,CONTAINS_CHUNK,
DOC_5D2D931F3757,CHK_62D67CD1B2C3,CONTAINS_CHUNK,
DOC_5D2D931F3757,CHK_7DE871031528,CONTAINS_CHUNK,
DOC_5D2D931F3757,CHK_974F9ABFEC6D,CONTAINS_CHUNK,
DOC_5D2D931F3757,CHK_99A386908C99,CONTAINS_CHUNK,
DOC_5D2D931F3757,CHK_0D01D910B6C1,CONTAINS_CHUNK,
CHK_A459571ED9D7,DRUG_ZANUBRUTINIB,MENTIONS,
CHK_A459571ED9D7,BRAND_BRUKINSA,MENTIONS,
CHK_2D3B4017A223,BRAND_BRUKINSA,MENTIONS,
CHK_2D3B4017A223,DISEASE_CLL_SLL,MENTIONS,
CHK_FA4EE0CC4AD0,BRAND_BRUKINSA,MENTIONS,
CHK_FA4EE0CC4AD0,DISEASE_CLL_SLL,MENTIONS,
CHK_1D80558CC4E0,BRAND_BRUKINSA,MENTIONS,
CHK_3087FAF53FC3,BRAND_BRUKINSA,MENTIONS,
CHK_3087FAF53FC3,DISEASE_CLL_SLL,MENTIONS,
CHK_BE209D6EED21,BRAND_BRUKINSA,MENTIONS,
CHK_A6C1041C7B26,BRAND_BRUKINSA,MENTIONS,
CHK_A6C1041C7B26,DISEASE_CLL_SLL,MENTIONS,
CHK_790965F5BB58,BRAND_BRUKINSA,MENTIONS,
CHK_09448B4282C4,BRAND_BRUKINSA,MENTIONS,
CHK_B3A5131AD2B4,BRAND_BRUKINSA,MENTIONS,
CHK_27C64ACE78FB,DRUG_ZANUBRUTINIB,MENTIONS,
CHK_27C64ACE78FB,BRAND_BRUKINSA,MENTIONS,
CHK_7CCBF9846C90,BRAND_BRUKINSA,MENTIONS,
CHK_1AAC5925C9C9,BRAND_BRUKINSA,MENTIONS,
CHK_1C0ABB7B4B7A,BRAND_BRUKINSA,MENTIONS,
CHK_22E2646CA19D,BRAND_BRUKINSA,MENTIONS,
CHK_EC92A998221E,BRAND_BRUKINSA,MENTIONS,
CHK_8C20195E143A,BRAND_BRUKINSA,MENTIONS,
CHK_41A7F3653686,DRUG_ZANUBRUTINIB,MENTIONS,
CHK_41A7F3653686,BRAND_BRUKINSA,MENTIONS,
CHK_5B3687820A13,BRAND_BRUKINSA,MENTIONS,
CHK_D64526882A11,BRAND_BRUKINSA,MENTIONS,
CHK_145CD5379A73,BRAND_BRUKINSA,MENTIONS,
CHK_BB2915F77ACA,BRAND_BRUKINSA,MENTIONS,
CHK_0EACA103A7E0,BRAND_BRUKINSA,MENTIONS,
CHK_94A296B1B9F7,BRAND_BRUKINSA,MENTIONS,
CHK_14492844669E,BRAND_BRUKINSA,MENTIONS,
CHK_950A225C62B6,BRAND_BRUKINSA,MENTIONS,
CHK_8887EC953B86,BRAND_BRUKINSA,MENTIONS,
CHK_F2B2A3CC5D9A,BRAND_BRUKINSA,MENTIONS,
CHK_B55AD0284DFD,BRAND_BRUKINSA,MENTIONS,
CHK_BE8A16AD4B1D,BRAND_BRUKINSA,MENTIONS,
CHK_BE8A16AD4B1D,DISEASE_CLL_SLL,MENTIONS,
CHK_82585CFCDE50,BRAND_BRUKINSA,MENTIONS,
CHK_82585CFCDE50,DISEASE_CLL_SLL,MENTIONS,
CHK_4C975C6FC5FD,BRAND_BRUKINSA,MENTIONS,
CHK_4C975C6FC5FD,DISEASE_CLL_SLL,MENTIONS,
CHK_819F4030BFA1,BRAND_BRUKINSA,MENTIONS,
CHK_819F4030BFA1,DISEASE_CLL_SLL,MENTIONS,
CHK_907F0C55B097,BRAND_BRUKINSA,MENTIONS,
CHK_907F0C55B097,DISEASE_CLL_SLL,MENTIONS,
CHK_308984AE0858,BRAND_BRUKINSA,MENTIONS,
CHK_308984AE0858,DISEASE_CLL_SLL,MENTIONS,
CHK_B65E0977FF34,BRAND_BRUKINSA,MENTIONS,
CHK_B65E0977FF34,DISEASE_CLL_SLL,MENTIONS,
CHK_4AE67CA80F60,BRAND_BRUKINSA,MENTIONS,
CHK_4AE67CA80F60,DISEASE_CLL_SLL,MENTIONS,
CHK_F001D0CFFB28,BRAND_BRUKINSA,MENTIONS,
CHK_F001D0CFFB28,TRIAL_ALPINE,MENTIONS,
CHK_F001D0CFFB28,DISEASE_CLL_SLL,MENTIONS,
CHK_8DDFEA332847,BRAND_BRUKINSA,MENTIONS,
CHK_8DDFEA332847,TRIAL_ALPINE,MENTIONS,
CHK_8DDFEA332847,DISEASE_CLL_SLL,MENTIONS,
CHK_8190DF01AAC7,BRAND_BRUKINSA,MENTIONS,
CHK_8190DF01AAC7,TRIAL_ALPINE,MENTIONS,
CHK_7930B1ACCBC3,BRAND_BRUKINSA,MENTIONS,
CHK_8BB5C94EAFA9,BRAND_BRUKINSA,MENTIONS,
CHK_84F0E31C4F9C,BRAND_BRUKINSA,MENTIONS,
CHK_BD7E01E3DDED,BRAND_BRUKINSA,MENTIONS,
CHK_5F14176F27EA,DRUG_ZANUBRUTINIB,MENTIONS,
CHK_5F14176F27EA,BRAND_BRUKINSA,MENTIONS,
CHK_93FAE59D8DC1,DRUG_ZANUBRUTINIB,MENTIONS,
CHK_93FAE59D8DC1,BRAND_BRUKINSA,MENTIONS,
CHK_1C2AAAB98BB3,DRUG_ZANUBRUTINIB,MENTIONS,
CHK_1C2AAAB98BB3,BRAND_BRUKINSA,MENTIONS,
CHK_A23674DE9515,DRUG_ZANUBRUTINIB,MENTIONS,
CHK_A23674DE9515,BRAND_BRUKINSA,MENTIONS,
CHK_42FF1315BB8E,DRUG_ZANUBRUTINIB,MENTIONS,
CHK_42FF1315BB8E,BRAND_BRUKINSA,MENTIONS,
CHK_9DFE6D6EAC2C,BRAND_BRUKINSA,MENTIONS,
CHK_9DFE6D6EAC2C,DISEASE_CLL_SLL,MENTIONS,
CHK_19E88764DF11,BRAND_BRUKINSA,MENTIONS,
CHK_19E88764DF11,DISEASE_CLL_SLL,MENTIONS,
CHK_076DCC78F2BB,DRUG_ZANUBRUTINIB,MENTIONS,
CHK_076DCC78F2BB,BRAND_BRUKINSA,MENTIONS,
CHK_E3227373DEB2,DRUG_ZANUBRUTINIB,MENTIONS,
CHK_E3227373DEB2,BRAND_BRUKINSA,MENTIONS,
CHK_8DA0D0A77C38,DRUG_ZANUBRUTINIB,MENTIONS,
CHK_8DA0D0A77C38,BRAND_BRUKINSA,MENTIONS,
CHK_DB6E7E6B6177,DRUG_ZANUBRUTINIB,MENTIONS,
CHK_DB6E7E6B6177,BRAND_BRUKINSA,MENTIONS,
CHK_31B93367BA6C,DRUG_ZANUBRUTINIB,MENTIONS,
CHK_31B93367BA6C,BRAND_BRUKINSA,MENTIONS,
CHK_8F3CE1E50699,DRUG_ZANUBRUTINIB,MENTIONS,
CHK_8F3CE1E50699,BRAND_BRUKINSA,MENTIONS,
CHK_7E5E7CE1C8FD,DRUG_ZANUBRUTINIB,MENTIONS,
CHK_016881C72C7D,DRUG_ZANUBRUTINIB,MENTIONS,
CHK_5F452E9BD454,DRUG_ZANUBRUTINIB,MENTIONS,
CHK_43EFA9FCCD9D,DRUG_ZANUBRUTINIB,MENTIONS,
CHK_716F65021936,DRUG_ZANUBRUTINIB,MENTIONS,
CHK_EC417F16BCD4,DRUG_ZANUBRUTINIB,MENTIONS,
CHK_EC417F16BCD4,BRAND_BRUKINSA,MENTIONS,
CHK_C5537179B0CC,BRAND_BRUKINSA,MENTIONS,
CHK_849233E1D012,BRAND_BRUKINSA,MENTIONS,
CHK_EE947F159504,BRAND_BRUKINSA,MENTIONS,
CHK_DCF4C9B511CD,BRAND_BRUKINSA,MENTIONS,
CHK_CC294B206D1B,BRAND_BRUKINSA,MENTIONS,
CHK_2D2829241AB1,BRAND_BRUKINSA,MENTIONS,
CHK_13CFF0EF17B1,BRAND_BRUKINSA,MENTIONS,
CHK_7A5BE0B805E3,BRAND_BRUKINSA,MENTIONS,
CHK_7A5BE0B805E3,DISEASE_CLL_SLL,MENTIONS,
CHK_416ACB11B1C5,BRAND_BRUKINSA,MENTIONS,
CHK_416ACB11B1C5,DISEASE_CLL_SLL,MENTIONS,
CHK_081746B0B249,BRAND_BRUKINSA,MENTIONS,
CHK_081746B0B249,DISEASE_CLL_SLL,MENTIONS,
CHK_98A23A0BD245,DISEASE_CLL_SLL,MENTIONS,
CHK_B7194F364FA2,BRAND_BRUKINSA,MENTIONS,
CHK_B7194F364FA2,DISEASE_CLL_SLL,MENTIONS,
CHK_81377BAC7D08,BRAND_BRUKINSA,MENTIONS,
CHK_81377BAC7D08,TRIAL_ALPINE,MENTIONS,
CHK_81377BAC7D08,TRIAL_NCT03734016,MENTIONS,
CHK_81377BAC7D08,DISEASE_CLL_SLL,MENTIONS,
CHK_C82C8348CAAE,BRAND_BRUKINSA,MENTIONS,
CHK_C82C8348CAAE,TRIAL_ALPINE,MENTIONS,
CHK_C82C8348CAAE,DISEASE_CLL_SLL,MENTIONS,
CHK_8D4CF9D0B83F,DRUG_ZANUBRUTINIB,MENTIONS,
CHK_8D4CF9D0B83F,BRAND_BRUKINSA,MENTIONS,
CHK_8D4CF9D0B83F,TRIAL_ALPINE,MENTIONS,
CHK_F75EEDF510D6,BRAND_BRUKINSA,MENTIONS,
CHK_A7995BA6334C,BRAND_BRUKINSA,MENTIONS,
CHK_1EE8912193C5,BRAND_BRUKINSA,MENTIONS,
CHK_F3C91800567F,BRAND_BRUKINSA,MENTIONS,
CHK_CD297AF59EC9,BRAND_BRUKINSA,MENTIONS,
CHK_86BD3139D4F8,BRAND_BRUKINSA,MENTIONS,
CHK_DF5DB8ACA145,BRAND_BRUKINSA,MENTIONS,
CHK_02ADEE2F5916,BRAND_BRUKINSA,MENTIONS,
CHK_C8201AF58299,DRUG_ZANUBRUTINIB,MENTIONS,
CHK_C8201AF58299,BRAND_BRUKINSA,MENTIONS,
CHK_C8201AF58299,DISEASE_CLL_SLL,MENTIONS,
CHK_0D94DEA4A018,BRAND_BRUKINSA,MENTIONS,
CHK_81531DCA1260,BRAND_BRUKINSA,MENTIONS,
CHK_4D7F59B67D84,BRAND_BRUKINSA,MENTIONS,
CHK_9FF69925445C,BRAND_BRUKINSA,MENTIONS,
CHK_2B0737097793,BRAND_BRUKINSA,MENTIONS,
CHK_E7CB9BA86701,BRAND_BRUKINSA,MENTIONS,
CHK_71219713861C,DRUG_ZANUBRUTINIB,MENTIONS,
CHK_71219713861C,BRAND_BRUKINSA,MENTIONS,
CHK_6AF751DB5503,DRUG_ZANUBRUTINIB,MENTIONS,
CHK_6AF751DB5503,BRAND_BRUKINSA,MENTIONS,
CHK_BE80EB92EF83,DRUG_ZANUBRUTINIB,MENTIONS,
CHK_BE80EB92EF83,BRAND_BRUKINSA,MENTIONS,
CHK_34C7F7F96FF8,DRUG_ZANUBRUTINIB,MENTIONS,
CHK_34C7F7F96FF8,BRAND_BRUKINSA,MENTIONS,
CHK_DAE1BAFD4A0E,DRUG_ZANUBRUTINIB,MENTIONS,
CHK_DAE1BAFD4A0E,BRAND_BRUKINSA,MENTIONS,
CHK_291EEB344647,DRUG_ZANUBRUTINIB,MENTIONS,
CHK_291EEB344647,BRAND_BRUKINSA,MENTIONS,
CHK_A7AC5A7F0D78,DRUG_ZANUBRUTINIB,MENTIONS,
CHK_A7AC5A7F0D78,DISEASE_CLL_SLL,MENTIONS,
CHK_4E5F822FBF7B,DRUG_ZANUBRUTINIB,MENTIONS,
CHK_4E5F822FBF7B,TRIAL_ALPINE,MENTIONS,
CHK_4E5F822FBF7B,TRIAL_NCT03734016,MENTIONS,
CHK_4E5F822FBF7B,DISEASE_CLL_SLL,MENTIONS,
CHK_94DC8E7A5C28,DRUG_ZANUBRUTINIB,MENTIONS,
CHK_94DC8E7A5C28,DISEASE_CLL_SLL,MENTIONS,
CHK_EB72B274547C,DISEASE_CLL_SLL,MENTIONS,
CHK_0DEBFBCC76AF,DRUG_ZANUBRUTINIB,MENTIONS,
CHK_0DEBFBCC76AF,DISEASE_CLL_SLL,MENTIONS,
CHK_B5F3BD564501,DRUG_ZANUBRUTINIB,MENTIONS,
CHK_B5F3BD564501,TRIAL_ALPINE,MENTIONS,
CHK_B5F3BD564501,TRIAL_NCT03734016,MENTIONS,
CHK_B5F3BD564501,DISEASE_CLL_SLL,MENTIONS,
CHK_FA3C013E455D,DRUG_ZANUBRUTINIB,MENTIONS,
CHK_FA3C013E455D,TRIAL_ALPINE,MENTIONS,
CHK_FA3C013E455D,TRIAL_NCT03734016,MENTIONS,
CHK_FA3C013E455D,DISEASE_CLL_SLL,MENTIONS,
CHK_F4D8CEDA4E35,DRUG_ZANUBRUTINIB,MENTIONS,
CHK_F4D8CEDA4E35,TRIAL_ALPINE,MENTIONS,
CHK_F4D8CEDA4E35,TRIAL_NCT03734016,MENTIONS,
CHK_F4D8CEDA4E35,DISEASE_CLL_SLL,MENTIONS,
CHK_D8F47894AF75,DRUG_ZANUBRUTINIB,MENTIONS,
CHK_AB6B3EAA9F5C,DRUG_ZANUBRUTINIB,MENTIONS,
CHK_33C2B223ECA9,DRUG_ZANUBRUTINIB,MENTIONS,
CHK_33C2B223ECA9,DISEASE_CLL_SLL,MENTIONS,
CHK_6AAA51E737AD,DRUG_ZANUBRUTINIB,MENTIONS,
CHK_67CDF686C50F,DRUG_ZANUBRUTINIB,MENTIONS,
CHK_822F5193A749,DRUG_ZANUBRUTINIB,MENTIONS,
CHK_822F5193A749,TRIAL_ALPINE,MENTIONS,
CHK_35E24DE8C107,DRUG_ZANUBRUTINIB,MENTIONS,
CHK_35E24DE8C107,TRIAL_ALPINE,MENTIONS,
CHK_00AEACDF4A77,DRUG_ZANUBRUTINIB,MENTIONS,
CHK_CE6D840B9B05,DRUG_ZANUBRUTINIB,MENTIONS,
CHK_C8448DBDB93E,DRUG_ZANUBRUTINIB,MENTIONS,
CHK_C8448DBDB93E,DISEASE_CLL_SLL,MENTIONS,
CHK_554D82DBACDF,DRUG_ZANUBRUTINIB,MENTIONS,
CHK_AA0932E125D6,DRUG_ZANUBRUTINIB,MENTIONS,
CHK_3A433AA80DC8,DRUG_ZANUBRUTINIB,MENTIONS,
CHK_652ADFB15017,DRUG_ZANUBRUTINIB,MENTIONS,
CHK_D21766938CDE,DRUG_ZANUBRUTINIB,MENTIONS,
CHK_B2D346D5997C,DRUG_ZANUBRUTINIB,MENTIONS,
CHK_B2D346D5997C,TRIAL_ALPINE,MENTIONS,
CHK_C2BC46A5870B,DRUG_ZANUBRUTINIB,MENTIONS,
CHK_C2BC46A5870B,TRIAL_ALPINE,MENTIONS,
CHK_C2BC46A5870B,DISEASE_CLL_SLL,MENTIONS,
CHK_9ED388F34E44,DRUG_ZANUBRUTINIB,MENTIONS,
CHK_9ED388F34E44,TRIAL_ALPINE,MENTIONS,
CHK_BFCA08DCE0BF,DRUG_ZANUBRUTINIB,MENTIONS,
CHK_BFCA08DCE0BF,DISEASE_CLL_SLL,MENTIONS,
CHK_1DD196703A5E,DRUG_ZANUBRUTINIB,MENTIONS,
CHK_FEB4666C0074,DRUG_ZANUBRUTINIB,MENTIONS,
CHK_7D14F22F1CE6,DRUG_ZANUBRUTINIB,MENTIONS,
CHK_7D14F22F1CE6,DISEASE_CLL_SLL,MENTIONS,
CHK_F9CF709834EE,DRUG_ZANUBRUTINIB,MENTIONS,
CHK_F9CF709834EE,TRIAL_ALPINE,MENTIONS,
CHK_F9CF709834EE,DISEASE_CLL_SLL,MENTIONS,
CHK_BFB14CD72C59,DRUG_ZANUBRUTINIB,MENTIONS,
CHK_A770A5E0E19E,DRUG_ZANUBRUTINIB,MENTIONS,
CHK_A770A5E0E19E,DISEASE_CLL_SLL,MENTIONS,
CHK_7C296E452FE8,TRIAL_NCT03734016,MENTIONS,
CHK_7C296E452FE8,DISEASE_CLL_SLL,MENTIONS,
CHK_74B914EE20C0,DISEASE_CLL_SLL,MENTIONS,
CHK_44521E8E4E9A,DISEASE_CLL_SLL,MENTIONS,
CHK_A5033489D6AB,DRUG_ZANUBRUTINIB,MENTIONS,
CHK_A5033489D6AB,DISEASE_CLL_SLL,MENTIONS,
CHK_2A0EC3A745C6,DRUG_ZANUBRUTINIB,MENTIONS,
CHK_2A0EC3A745C6,DISEASE_CLL_SLL,MENTIONS,
CHK_EDB9AE8826CA,DRUG_ZANUBRUTINIB,MENTIONS,
CHK_EDB9AE8826CA,DISEASE_CLL_SLL,MENTIONS,
CHK_B6CFFF154F15,DRUG_ZANUBRUTINIB,MENTIONS,
CHK_B6CFFF154F15,DISEASE_CLL_SLL,MENTIONS,
CHK_EA7198FD91A8,DISEASE_CLL_SLL,MENTIONS,
CHK_8C00DEF486FE,DRUG_ZANUBRUTINIB,MENTIONS,
CHK_8C00DEF486FE,TRIAL_ALPINE,MENTIONS,
CHK_8C00DEF486FE,DISEASE_CLL_SLL,MENTIONS,
CHK_290287BFD9DD,DRUG_ZANUBRUTINIB,MENTIONS,
CHK_290287BFD9DD,TRIAL_ALPINE,MENTIONS,
CHK_290287BFD9DD,TRIAL_NCT03734016,MENTIONS,
CHK_290287BFD9DD,DISEASE_CLL_SLL,MENTIONS,
CHK_9ECCC535BF20,DRUG_ZANUBRUTINIB,MENTIONS,
CHK_9ECCC535BF20,TRIAL_ALPINE,MENTIONS,
CHK_9ECCC535BF20,DISEASE_CLL_SLL,MENTIONS,
CHK_829DEC282E2C,DRUG_ZANUBRUTINIB,MENTIONS,
CHK_829DEC282E2C,TRIAL_ALPINE,MENTIONS,
CHK_829DEC282E2C,TRIAL_NCT03734016,MENTIONS,
CHK_A24DC454A34D,DRUG_ZANUBRUTINIB,MENTIONS,
CHK_A24DC454A34D,TRIAL_ALPINE,MENTIONS,
CHK_A24DC454A34D,TRIAL_NCT03734016,MENTIONS,
CHK_A24DC454A34D,DISEASE_CLL_SLL,MENTIONS,
CHK_77F4C06E0C77,DRUG_ZANUBRUTINIB,MENTIONS,
CHK_CAB05FB341FC,DRUG_ZANUBRUTINIB,MENTIONS,
CHK_97D657ED7D5E,DRUG_ZANUBRUTINIB,MENTIONS,
CHK_65D5537BED80,DRUG_ZANUBRUTINIB,MENTIONS,
CHK_BDFC900E99A9,DRUG_ZANUBRUTINIB,MENTIONS,
CHK_8A6228B4A220,DRUG_ZANUBRUTINIB,MENTIONS,
CHK_329696EEFE40,DRUG_ZANUBRUTINIB,MENTIONS,
CHK_329696EEFE40,TRIAL_ALPINE,MENTIONS,
CHK_E1D0E92FBB18,DRUG_ZANUBRUTINIB,MENTIONS,
CHK_0FE8419EF120,DRUG_ZANUBRUTINIB,MENTIONS,
CHK_AE4EA529860E,DRUG_ZANUBRUTINIB,MENTIONS,
CHK_274F000FD13F,DRUG_ZANUBRUTINIB,MENTIONS,
CHK_74F31ECDFED2,TRIAL_ALPINE,MENTIONS,
CHK_C5BE06D745FE,TRIAL_ALPINE,MENTIONS,
CHK_BD2F68B8807C,DRUG_ZANUBRUTINIB,MENTIONS,
CHK_BD2F68B8807C,TRIAL_ALPINE,MENTIONS,
CHK_CD8094A67B8A,DRUG_ZANUBRUTINIB,MENTIONS,
CHK_66AF7C7FA54C,DISEASE_CLL_SLL,MENTIONS,
CHK_3F6CA759195E,DISEASE_CLL_SLL,MENTIONS,
CHK_23A70020F172,DRUG_ZANUBRUTINIB,MENTIONS,
CHK_23A70020F172,DISEASE_CLL_SLL,MENTIONS,
CHK_AD527B0E212E,DRUG_ZANUBRUTINIB,MENTIONS,
CHK_AD527B0E212E,TRIAL_ALPINE,MENTIONS,
CHK_AD527B0E212E,DISEASE_CLL_SLL,MENTIONS,
CHK_7DE871031528,DISEASE_CLL_SLL,MENTIONS,
CHK_974F9ABFEC6D,DISEASE_CLL_SLL,MENTIONS,
